KEY,/ual/set_velocity_prime,20.0,80,uav_1|uav_2,twist.linear,JSONPointChange,FIXED|-0.6244749379189338|-0.8905149283779155|-0.3814119397344238
KEY,/ual/set_velocity_prime,10.0,100.0,uav_1|uav_2,twist.linear,JSONPointChange,FIXED|-0.6244749379189338|-0.8905149283779155|-0.3814119397344238
